MatchID,RedAgent,BlueAgent,RedScore,BlueScore,Winner
2.02503272157005E+019,myMCTSV2,myMCTSV2_sorting,0,3,myMCTSV2_sorting
2.02503272202185E+019,myMCTSV2,myMCTSV2_sorting,4,0,myMCTSV2
2.02503272212185E+019,myMCTSV2,myMCTSV2_sorting,TIMEOUT,TIMEOUT,TIMEOUT
2.02503272222186E+019,myMCTSV2,myMCTSV2_sorting,TIMEOUT,TIMEOUT,TIMEOUT
2.02503272232186E+019,myMCTSV2,myMCTSV2_sorting,TIMEOUT,TIMEOUT,TIMEOUT
2.02503272242187E+019,myMCTSV2,myMCTSV2_sorting,TIMEOUT,TIMEOUT,TIMEOUT
2.02503272252188E+019,myMCTSV2,myMCTSV2_sorting,TIMEOUT,TIMEOUT,TIMEOUT
2.02503272302188E+019,myMCTSV2,myMCTSV2_sorting,TIMEOUT,TIMEOUT,TIMEOUT
2.02503272312189E+019,myMCTSV2,myMCTSV2_sorting,TIMEOUT,TIMEOUT,TIMEOUT
2.02503272322189E+019,myMCTSV2,myMCTSV2_sorting,TIMEOUT,TIMEOUT,TIMEOUT
2.0250327233219E+019,myMCTSV2,myMCTSV2_sorting,TIMEOUT,TIMEOUT,TIMEOUT
2.02503272342191E+019,myMCTSV2,myMCTSV2_sorting,TIMEOUT,TIMEOUT,TIMEOUT
2.02503272352191E+019,myMCTSV2,myMCTSV2_sorting,TIMEOUT,TIMEOUT,TIMEOUT
2.02503280002192E+019,myMCTSV2,myMCTSV2_sorting,TIMEOUT,TIMEOUT,TIMEOUT
2.02503280012193E+019,myMCTSV2,myMCTSV2_sorting,TIMEOUT,TIMEOUT,TIMEOUT
2.0250328001621E+019,myMCTSV2,myMCTSV2_sorting,6,0,myMCTSV2
2.0250328002026E+019,myMCTSV2,myMCTSV2_sorting,0,0,DRAW
2.02503280030261E+019,myMCTSV2,myMCTSV2_sorting,TIMEOUT,TIMEOUT,TIMEOUT
2.02503280034265E+019,myMCTSV2,myMCTSV2_sorting,1,0,myMCTSV2
2.02503280038283E+019,myMCTSV2,myMCTSV2_sorting,6,0,myMCTSV2
2.02503280042218E+019,myMCTSV2,myMCTSV2_sorting,0,6,myMCTSV2_sorting
2.02503280046204E+019,myMCTSV2,myMCTSV2_sorting,0,0,DRAW
2.02503280050145E+019,myMCTSV2,myMCTSV2_sorting,3,0,myMCTSV2
2.02503280054217E+019,myMCTSV2,myMCTSV2_sorting,0,0,DRAW
2.02503280058226E+019,myMCTSV2,myMCTSV2_sorting,0,6,myMCTSV2_sorting
2.02503280102167E+019,myMCTSV2,myMCTSV2_sorting,0,3,myMCTSV2_sorting
2.02503280106155E+019,myMCTSV2,myMCTSV2_sorting,0,3,myMCTSV2_sorting
2.02503280110158E+019,myMCTSV2,myMCTSV2_sorting,0,3,myMCTSV2_sorting
2.02503280114158E+019,myMCTSV2,myMCTSV2_sorting,0,6,myMCTSV2_sorting
2.02503280118235E+019,myMCTSV2,myMCTSV2_sorting,0,0,DRAW
2.0250328012225E+019,myMCTSV2,myMCTSV2_sorting,0,5,myMCTSV2_sorting
2.02503280126203E+019,myMCTSV2,myMCTSV2_sorting,0,0,DRAW
2.02503280130233E+019,myMCTSV2,myMCTSV2_sorting,0,3,myMCTSV2_sorting
2.02503280134176E+019,myMCTSV2,myMCTSV2_sorting,3,0,myMCTSV2
2.02503280138217E+019,myMCTSV2,myMCTSV2_sorting,3,0,myMCTSV2
2.02503280142267E+019,myMCTSV2,myMCTSV2_sorting,0,0,DRAW
2.02503280146339E+019,myMCTSV2,myMCTSV2_sorting,0,0,DRAW
2.02503280150389E+019,myMCTSV2,myMCTSV2_sorting,0,3,myMCTSV2_sorting
2.02503280154467E+019,myMCTSV2,myMCTSV2_sorting,1,0,myMCTSV2
2.02503280158537E+019,myMCTSV2,myMCTSV2_sorting,0,0,DRAW
2.02503280202552E+019,myMCTSV2,myMCTSV2_sorting,0,6,myMCTSV2_sorting
2.02503280206504E+019,myMCTSV2,myMCTSV2_sorting,0,2,myMCTSV2_sorting
2.02503280210572E+019,myMCTSV2,myMCTSV2_sorting,0,0,DRAW
2.02503280214549E+019,myMCTSV2,myMCTSV2_sorting,9,0,myMCTSV2
2.02503280219004E+019,myMCTSV2,myMCTSV2_sorting,0,0,DRAW
2.02503280222557E+019,myMCTSV2,myMCTSV2_sorting,0,6,myMCTSV2_sorting
2.0250328022656E+019,myMCTSV2,myMCTSV2_sorting,0,7,myMCTSV2_sorting
2.02503280230563E+019,myMCTSV2,myMCTSV2_sorting,3,0,myMCTSV2
2.02503280235027E+019,myMCTSV2,myMCTSV2_sorting,0,0,DRAW
2.02503280238581E+019,myMCTSV2,myMCTSV2_sorting,0,5,myMCTSV2_sorting
2.02503280243009E+019,myMCTSV2,myMCTSV2_weighted_rollout,6,0,myMCTSV2
2.02503280247042E+019,myMCTSV2,myMCTSV2_weighted_rollout,6,0,myMCTSV2
2.02503280251069E+019,myMCTSV2,myMCTSV2_weighted_rollout,0,6,myMCTSV2_weighted_rollout
2.02503280255092E+019,myMCTSV2,myMCTSV2_weighted_rollout,3,0,myMCTSV2
2.02503280259111E+019,myMCTSV2,myMCTSV2_weighted_rollout,0,1,myMCTSV2_weighted_rollout
2.02503280303134E+019,myMCTSV2,myMCTSV2_weighted_rollout,3,0,myMCTSV2
2.02503280307138E+019,myMCTSV2,myMCTSV2_weighted_rollout,0,0,DRAW
2.02503280311173E+019,myMCTSV2,myMCTSV2_weighted_rollout,3,0,myMCTSV2
2.025032803152E+019,myMCTSV2,myMCTSV2_weighted_rollout,0,3,myMCTSV2_weighted_rollout
2.02503280319243E+019,myMCTSV2,myMCTSV2_weighted_rollout,0,0,DRAW
2.02503280323315E+019,myMCTSV2,myMCTSV2_weighted_rollout,0,0,DRAW
2.02503280327366E+019,myMCTSV2,myMCTSV2_weighted_rollout,0,3,myMCTSV2_weighted_rollout
2.02503280331437E+019,myMCTSV2,myMCTSV2_weighted_rollout,0,1,myMCTSV2_weighted_rollout
2.02503280335447E+019,myMCTSV2,myMCTSV2_weighted_rollout,0,6,myMCTSV2_weighted_rollout
2.02503280339416E+019,myMCTSV2,myMCTSV2_weighted_rollout,0,7,myMCTSV2_weighted_rollout
2.0250328034333E+019,myMCTSV2,myMCTSV2_weighted_rollout,3,0,myMCTSV2
2.02503280347255E+019,myMCTSV2,myMCTSV2_weighted_rollout,0,9,myMCTSV2_weighted_rollout
2.02503280351272E+019,myMCTSV2,myMCTSV2_weighted_rollout,0,6,myMCTSV2_weighted_rollout
2.02503280355319E+019,myMCTSV2,myMCTSV2_weighted_rollout,3,0,myMCTSV2
2.02503280359384E+019,myMCTSV2,myMCTSV2_weighted_rollout,0,0,DRAW
2.02503280403415E+019,myMCTSV2,myMCTSV2_weighted_rollout,0,0,DRAW
2.02503280407393E+019,myMCTSV2,myMCTSV2_weighted_rollout,0,4,myMCTSV2_weighted_rollout
2.02503280411453E+019,myMCTSV2,myMCTSV2_weighted_rollout,0,0,DRAW
2.02503280415389E+019,myMCTSV2,myMCTSV2_weighted_rollout,0,6,myMCTSV2_weighted_rollout
2.02503280419362E+019,myMCTSV2,myMCTSV2_weighted_rollout,6,0,myMCTSV2
2.02503280423332E+019,myMCTSV2,myMCTSV2_weighted_rollout,2,0,myMCTSV2
2.02503280427327E+019,myMCTSV2,myMCTSV2_weighted_rollout,3,0,myMCTSV2
2.02503280431333E+019,myMCTSV2,myMCTSV2_weighted_rollout,0,2,myMCTSV2_weighted_rollout
2.02503280435351E+019,myMCTSV2,myMCTSV2_weighted_rollout,0,0,DRAW
2.02503280439239E+019,myMCTSV2,myMCTSV2_weighted_rollout,1,0,myMCTSV2
2.02503280443287E+019,myMCTSV2,myMCTSV2_weighted_rollout,0,0,DRAW
2.02503280447208E+019,myMCTSV2,myMCTSV2_weighted_rollout,9,0,myMCTSV2
2.02503280451282E+019,myMCTSV2,myMCTSV2_weighted_rollout,0,0,DRAW
2.02503280455214E+019,myMCTSV2,myMCTSV2_weighted_rollout,0,0,DRAW
2.02503280459227E+019,myMCTSV2,myMCTSV2_weighted_rollout,0,6,myMCTSV2_weighted_rollout
2.02503280503071E+019,myMCTSV2,myMCTSV2_weighted_rollout,0,0,DRAW
2.02503280507075E+019,myMCTSV2,myMCTSV2_weighted_rollout,0,2,myMCTSV2_weighted_rollout
2.02503280510513E+019,myMCTSV2,myMCTSV2_weighted_rollout,5,0,myMCTSV2
2.02503280514407E+019,myMCTSV2,myMCTSV2_weighted_rollout,0,3,myMCTSV2_weighted_rollout
2.02503280518395E+019,myMCTSV2,myMCTSV2_weighted_rollout,0,9,myMCTSV2_weighted_rollout
2.02503280522451E+019,myMCTSV2,myMCTSV2_weighted_rollout,0,3,myMCTSV2_weighted_rollout
2.02503280526451E+019,myMCTSV2,myMCTSV2_weighted_rollout,4,0,myMCTSV2
2.02503280530371E+019,myMCTSV2,myMCTSV2_weighted_rollout,0,2,myMCTSV2_weighted_rollout
2.02503280534433E+019,myMCTSV2,myMCTSV2_weighted_rollout,0,0,DRAW
2.02503280538364E+019,myMCTSV2,myMCTSV2_weighted_rollout,8,0,myMCTSV2
2.02503280542347E+019,myMCTSV2,myMCTSV2_weighted_rollout,0,0,DRAW
2.02503280546414E+019,myMCTSV2,myMCTSV2_weighted_rollout,0,0,DRAW
2.02503280550274E+019,myMCTSV2,myMCTSV2_weighted_rollout,0,3,myMCTSV2_weighted_rollout
2.02503280554327E+019,myMCTSV2,myMCTSV2_weighted_rollout,0,4,myMCTSV2_weighted_rollout
2.02503280558245E+019,myMCTSV2,myMCTSV2_weighted_rollout,2,0,myMCTSV2
2.02503280602219E+019,myMCTSV2_sorting,myMCTSV2,0,0,DRAW
2.02503280606248E+019,myMCTSV2_sorting,myMCTSV2,0,0,DRAW
2.02503280610267E+019,myMCTSV2_sorting,myMCTSV2,6,0,myMCTSV2_sorting
2.02503280614316E+019,myMCTSV2_sorting,myMCTSV2,4,0,myMCTSV2_sorting
2.0250328061837E+019,myMCTSV2_sorting,myMCTSV2,0,1,myMCTSV2
2.02503280622411E+019,myMCTSV2_sorting,myMCTSV2,0,3,myMCTSV2
2.0250328062639E+019,myMCTSV2_sorting,myMCTSV2,6,0,myMCTSV2_sorting
2.02503280630363E+019,myMCTSV2_sorting,myMCTSV2,7,0,myMCTSV2_sorting
2.02503280634406E+019,myMCTSV2_sorting,myMCTSV2,0,3,myMCTSV2
2.02503280638404E+019,myMCTSV2_sorting,myMCTSV2,0,3,myMCTSV2
2.02503280642401E+019,myMCTSV2_sorting,myMCTSV2,0,2,myMCTSV2
2.02503280646326E+019,myMCTSV2_sorting,myMCTSV2,4,0,myMCTSV2_sorting
2.02503280650215E+019,myMCTSV2_sorting,myMCTSV2,0,3,myMCTSV2
2.02503280654243E+019,myMCTSV2_sorting,myMCTSV2,0,3,myMCTSV2
2.02503280658228E+019,myMCTSV2_sorting,myMCTSV2,0,2,myMCTSV2
2.0250328070227E+019,myMCTSV2_sorting,myMCTSV2,0,0,DRAW
2.02503280706352E+019,myMCTSV2_sorting,myMCTSV2,0,0,DRAW
2.02503280710413E+019,myMCTSV2_sorting,myMCTSV2,0,3,myMCTSV2
2.02503280714333E+019,myMCTSV2_sorting,myMCTSV2,0,9,myMCTSV2
2.02503280718386E+019,myMCTSV2_sorting,myMCTSV2,0,0,DRAW
2.02503280722442E+019,myMCTSV2_sorting,myMCTSV2,1,0,myMCTSV2_sorting
2.02503280726451E+019,myMCTSV2_sorting,myMCTSV2,1,0,myMCTSV2_sorting
2.02503280730411E+019,myMCTSV2_sorting,myMCTSV2,0,9,myMCTSV2
2.02503280734404E+019,myMCTSV2_sorting,myMCTSV2,0,6,myMCTSV2
2.02503280738427E+019,myMCTSV2_sorting,myMCTSV2,3,0,myMCTSV2_sorting
2.02503280742401E+019,myMCTSV2_sorting,myMCTSV2,0,3,myMCTSV2
2.02503280746361E+019,myMCTSV2_sorting,myMCTSV2,0,6,myMCTSV2
2.02503280750372E+019,myMCTSV2_sorting,myMCTSV2,0,1,myMCTSV2
2.0250328075441E+019,myMCTSV2_sorting,myMCTSV2,0,0,DRAW
2.0250328075843E+019,myMCTSV2_sorting,myMCTSV2,4,0,myMCTSV2_sorting
2.02503280802473E+019,myMCTSV2_sorting,myMCTSV2,0,0,DRAW
2.02503280806427E+019,myMCTSV2_sorting,myMCTSV2,0,6,myMCTSV2
2.02503280810364E+019,myMCTSV2_sorting,myMCTSV2,0,0,DRAW
2.02503280814389E+019,myMCTSV2_sorting,myMCTSV2,0,0,DRAW
2.0250328081841E+019,myMCTSV2_sorting,myMCTSV2,0,4,myMCTSV2
2.02503280822362E+019,myMCTSV2_sorting,myMCTSV2,0,3,myMCTSV2
2.02503280826402E+019,myMCTSV2_sorting,myMCTSV2,0,0,DRAW
2.02503280830345E+019,myMCTSV2_sorting,myMCTSV2,0,12,myMCTSV2
2.02503280834399E+019,myMCTSV2_sorting,myMCTSV2,0,0,DRAW
2.02503280838417E+019,myMCTSV2_sorting,myMCTSV2,0,3,myMCTSV2
2.02503280842364E+019,myMCTSV2_sorting,myMCTSV2,0,8,myMCTSV2
2.02503280846421E+019,myMCTSV2_sorting,myMCTSV2,0,0,DRAW
2.02503280850396E+019,myMCTSV2_sorting,myMCTSV2,0,5,myMCTSV2
2.0250328085445E+019,myMCTSV2_sorting,myMCTSV2,0,0,DRAW
2.02503280858433E+019,myMCTSV2_sorting,myMCTSV2,0,8,myMCTSV2
2.02503280902447E+019,myMCTSV2_sorting,myMCTSV2,0,6,myMCTSV2
2.02503280906421E+019,myMCTSV2_sorting,myMCTSV2,0,0,DRAW
2.0250328091049E+019,myMCTSV2_sorting,myMCTSV2,0,0,DRAW
2.02503280914575E+019,myMCTSV2_sorting,myMCTSV2,0,0,DRAW
2.02503280918583E+019,myMCTSV2_sorting,myMCTSV2,3,0,myMCTSV2_sorting
2.02503280923039E+019,myMCTSV2_sorting,myMCTSV2_weighted_rollout,0,0,DRAW
2.02503280927061E+019,myMCTSV2_sorting,myMCTSV2_weighted_rollout,3,0,myMCTSV2_sorting
2.02503280930588E+019,myMCTSV2_sorting,myMCTSV2_weighted_rollout,9,0,myMCTSV2_sorting
2.02503280934435E+019,myMCTSV2_sorting,myMCTSV2_weighted_rollout,0,0,DRAW
2.02503280938497E+019,myMCTSV2_sorting,myMCTSV2_weighted_rollout,0,0,DRAW
2.02503280942424E+019,myMCTSV2_sorting,myMCTSV2_weighted_rollout,3,0,myMCTSV2_sorting
2.02503280946378E+019,myMCTSV2_sorting,myMCTSV2_weighted_rollout,6,0,myMCTSV2_sorting
2.02503280950412E+019,myMCTSV2_sorting,myMCTSV2_weighted_rollout,0,0,DRAW
2.02503280954298E+019,myMCTSV2_sorting,myMCTSV2_weighted_rollout,6,0,myMCTSV2_sorting
2.02503280958221E+019,myMCTSV2_sorting,myMCTSV2_weighted_rollout,0,11,myMCTSV2_weighted_rollout
2.02503281002198E+019,myMCTSV2_sorting,myMCTSV2_weighted_rollout,3,0,myMCTSV2_sorting
2.02503281006104E+019,myMCTSV2_sorting,myMCTSV2_weighted_rollout,6,0,myMCTSV2_sorting
2.02503281010112E+019,myMCTSV2_sorting,myMCTSV2_weighted_rollout,0,3,myMCTSV2_weighted_rollout
2.02503281014067E+019,myMCTSV2_sorting,myMCTSV2_weighted_rollout,0,8,myMCTSV2_weighted_rollout
2.02503281131439E+019,myMCTSV2_sorting,myMCTSV2_weighted_rollout,TIMEOUT,TIMEOUT,TIMEOUT
2.02503281135489E+019,myMCTSV2_sorting,myMCTSV2_weighted_rollout,0,0,DRAW
2.02503281139493E+019,myMCTSV2_sorting,myMCTSV2_weighted_rollout,0,3,myMCTSV2_weighted_rollout
2.02503281143524E+019,myMCTSV2_sorting,myMCTSV2_weighted_rollout,0,3,myMCTSV2_weighted_rollout
2.02503281147526E+019,myMCTSV2_sorting,myMCTSV2_weighted_rollout,0,0,DRAW
2.0250328115151E+019,myMCTSV2_sorting,myMCTSV2_weighted_rollout,0,1,myMCTSV2_weighted_rollout
2.025032811555E+019,myMCTSV2_sorting,myMCTSV2_weighted_rollout,0,5,myMCTSV2_weighted_rollout
2.0250328115944E+019,myMCTSV2_sorting,myMCTSV2_weighted_rollout,0,0,DRAW
2.02503281203459E+019,myMCTSV2_sorting,myMCTSV2_weighted_rollout,0,7,myMCTSV2_weighted_rollout
2.02503281207452E+019,myMCTSV2_sorting,myMCTSV2_weighted_rollout,0,5,myMCTSV2_weighted_rollout
2.02503281211484E+019,myMCTSV2_sorting,myMCTSV2_weighted_rollout,0,6,myMCTSV2_weighted_rollout
2.02503281215461E+019,myMCTSV2_sorting,myMCTSV2_weighted_rollout,0,2,myMCTSV2_weighted_rollout
2.02503281219486E+019,myMCTSV2_sorting,myMCTSV2_weighted_rollout,6,0,myMCTSV2_sorting
2.02503281223467E+019,myMCTSV2_sorting,myMCTSV2_weighted_rollout,0,6,myMCTSV2_weighted_rollout
2.02503281227535E+019,myMCTSV2_sorting,myMCTSV2_weighted_rollout,1,0,myMCTSV2_sorting
2.02503281231487E+019,myMCTSV2_sorting,myMCTSV2_weighted_rollout,0,6,myMCTSV2_weighted_rollout
2.02503281235556E+019,myMCTSV2_sorting,myMCTSV2_weighted_rollout,0,0,DRAW
2.02503281239581E+019,myMCTSV2_sorting,myMCTSV2_weighted_rollout,0,0,DRAW
2.02503281244023E+019,myMCTSV2_sorting,myMCTSV2_weighted_rollout,0,0,DRAW
2.02503281248048E+019,myMCTSV2_sorting,myMCTSV2_weighted_rollout,9,0,myMCTSV2_sorting
2.02503281252034E+019,myMCTSV2_sorting,myMCTSV2_weighted_rollout,0,0,DRAW
2.02503281256063E+019,myMCTSV2_sorting,myMCTSV2_weighted_rollout,4,0,myMCTSV2_sorting
2.02503281300135E+019,myMCTSV2_sorting,myMCTSV2_weighted_rollout,0,0,DRAW
2.0250328130406E+019,myMCTSV2_sorting,myMCTSV2_weighted_rollout,0,6,myMCTSV2_weighted_rollout
2.02503281308124E+019,myMCTSV2_sorting,myMCTSV2_weighted_rollout,0,0,DRAW
2.02503281312083E+019,myMCTSV2_sorting,myMCTSV2_weighted_rollout,0,6,myMCTSV2_weighted_rollout
2.02503281316152E+019,myMCTSV2_sorting,myMCTSV2_weighted_rollout,0,0,DRAW
2.02503281320083E+019,myMCTSV2_sorting,myMCTSV2_weighted_rollout,0,11,myMCTSV2_weighted_rollout
2.02503281324063E+019,myMCTSV2_sorting,myMCTSV2_weighted_rollout,0,6,myMCTSV2_weighted_rollout
2.02503281328066E+019,myMCTSV2_sorting,myMCTSV2_weighted_rollout,3,0,myMCTSV2_sorting
2.025032813316E+019,myMCTSV2_sorting,myMCTSV2_weighted_rollout,2,0,myMCTSV2_sorting
2.02503281335581E+019,myMCTSV2_sorting,myMCTSV2_weighted_rollout,0,3,myMCTSV2_weighted_rollout
2.02503281340012E+019,myMCTSV2_sorting,myMCTSV2_weighted_rollout,0,0,DRAW
2.02503281343566E+019,myMCTSV2_sorting,myMCTSV2_weighted_rollout,0,3,myMCTSV2_weighted_rollout
2.02503281347543E+019,myMCTSV2_sorting,myMCTSV2_weighted_rollout,6,0,myMCTSV2_sorting
2.02503281351466E+019,myMCTSV2_sorting,myMCTSV2_weighted_rollout,3,0,myMCTSV2_sorting
2.02503281355457E+019,myMCTSV2_weighted_rollout,myMCTSV2,0,0,DRAW
2.0250328135945E+019,myMCTSV2_weighted_rollout,myMCTSV2,0,0,DRAW
2.02503281403353E+019,myMCTSV2_weighted_rollout,myMCTSV2,0,1,myMCTSV2
2.02503281407307E+019,myMCTSV2_weighted_rollout,myMCTSV2,0,9,myMCTSV2
2.02503281420034E+019,myMCTSV2_weighted_rollout,myMCTSV2,TIMEOUT,TIMEOUT,TIMEOUT
2.02503281424011E+019,myMCTSV2_weighted_rollout,myMCTSV2,0,9,myMCTSV2
2.02503281427563E+019,myMCTSV2_weighted_rollout,myMCTSV2,0,3,myMCTSV2
2.02503281431486E+019,myMCTSV2_weighted_rollout,myMCTSV2,0,6,myMCTSV2
2.02503281435384E+019,myMCTSV2_weighted_rollout,myMCTSV2,3,0,myMCTSV2_weighted_rollout
2.02503281439269E+019,myMCTSV2_weighted_rollout,myMCTSV2,0,8,myMCTSV2
2.02503281443272E+019,myMCTSV2_weighted_rollout,myMCTSV2,0,6,myMCTSV2
2.0250328144729E+019,myMCTSV2_weighted_rollout,myMCTSV2,0,3,myMCTSV2
2.02503281451229E+019,myMCTSV2_weighted_rollout,myMCTSV2,0,8,myMCTSV2
2.02503281455203E+019,myMCTSV2_weighted_rollout,myMCTSV2,0,6,myMCTSV2
2.02503281459144E+019,myMCTSV2_weighted_rollout,myMCTSV2,1,0,myMCTSV2_weighted_rollout
2.0250328150318E+019,myMCTSV2_weighted_rollout,myMCTSV2,0,0,DRAW
2.02503281507188E+019,myMCTSV2_weighted_rollout,myMCTSV2,0,3,myMCTSV2
2.02503281511219E+019,myMCTSV2_weighted_rollout,myMCTSV2,1,0,myMCTSV2_weighted_rollout
2.02503281514515E+019,myMCTSV2_weighted_rollout,myMCTSV2,0,6,myMCTSV2
2.02503281518509E+019,myMCTSV2_weighted_rollout,myMCTSV2,0,0,DRAW
2.02503281522455E+019,myMCTSV2_weighted_rollout,myMCTSV2,0,8,myMCTSV2
2.02503281526486E+019,myMCTSV2_weighted_rollout,myMCTSV2,0,1,myMCTSV2
2.02503281530496E+019,myMCTSV2_weighted_rollout,myMCTSV2,0,3,myMCTSV2
2.02503281534314E+019,myMCTSV2_weighted_rollout,myMCTSV2,0,0,DRAW
2.02503280020013E+019,myMCTSV2,myMCTSV2_sorting,0,4,myMCTSV2_sorting
2.02503280024002E+019,myMCTSV2,myMCTSV2_sorting,3,0,myMCTSV2
2.02503280029222E+019,myHeuristic,myMCTSV2,0,12,myMCTSV2
2.02503280031188E+019,myHeuristic,myMCTSV2,0,6,myMCTSV2
2.02503280033119E+019,myHeuristic,myMCTSV2,0,12,myMCTSV2
2.02503280035058E+019,myHeuristic,myMCTSV2,0,9,myMCTSV2
2.02503280037027E+019,myHeuristic,myMCTSV2,0,6,myMCTSV2
2.02503280038553E+019,myHeuristic,myMCTSV2,0,12,myMCTSV2
2.02503280040463E+019,myHeuristic,myMCTSV2,0,12,myMCTSV2
2.02503280042468E+019,myHeuristic,myMCTSV2,0,3,myMCTSV2
2.02503280044491E+019,myHeuristic,myMCTSV2,0,0,DRAW
2.02503280046448E+019,myHeuristic,myMCTSV2,0,9,myMCTSV2
2.02503280048336E+019,myHeuristic,myMCTSV2,0,15,myMCTSV2
2.02503280050318E+019,myHeuristic,myMCTSV2,0,6,myMCTSV2
2.02503280052275E+019,myHeuristic,myMCTSV2,0,9,myMCTSV2
2.025032800542E+019,myHeuristic,myMCTSV2,0,9,myMCTSV2
2.02503280056221E+019,myHeuristic,myMCTSV2,0,0,DRAW
2.02503280058218E+019,myHeuristic,myMCTSV2,0,3,myMCTSV2
2.02503280100194E+019,myHeuristic,myMCTSV2,0,6,myMCTSV2
2.02503280102187E+019,myHeuristic,myMCTSV2,0,3,myMCTSV2
2.02503280104128E+019,myHeuristic,myMCTSV2,0,9,myMCTSV2
2.02503280105254E+019,myHeuristic,myMCTSV2,18,0,myHeuristic
2.02503280107239E+019,myHeuristic,myMCTSV2,0,6,myMCTSV2
2.02503280109238E+019,myHeuristic,myMCTSV2,0,3,myMCTSV2
2.02503280111242E+019,myHeuristic,myMCTSV2,0,3,myMCTSV2
2.02503280113208E+019,myHeuristic,myMCTSV2,0,6,myMCTSV2
2.02503280115151E+019,myHeuristic,myMCTSV2,0,9,myMCTSV2
2.02503280117069E+019,myHeuristic,myMCTSV2,0,9,myMCTSV2
2.02503280119017E+019,myHeuristic,myMCTSV2,0,9,myMCTSV2
2.02503280120587E+019,myHeuristic,myMCTSV2,0,7,myMCTSV2
2.02503280122539E+019,myHeuristic,myMCTSV2,0,9,myMCTSV2
2.02503280124482E+019,myHeuristic,myMCTSV2,0,9,myMCTSV2
2.02503280126204E+019,myHeuristic,myMCTSV2,12,0,myHeuristic
2.02503280128187E+019,myHeuristic,myMCTSV2,0,6,myMCTSV2
2.02503280129172E+019,myHeuristic,myMCTSV2,12,0,myHeuristic
2.02503280131148E+019,myHeuristic,myMCTSV2,0,6,myMCTSV2
2.02503280133084E+019,myHeuristic,myMCTSV2,0,9,myMCTSV2
2.02503280135005E+019,myHeuristic,myMCTSV2,0,12,myMCTSV2
2.02503280136547E+019,myHeuristic,myMCTSV2,0,9,myMCTSV2
2.02503280138528E+019,myHeuristic,myMCTSV2,0,7,myMCTSV2
2.02503280140475E+019,myHeuristic,myMCTSV2,0,6,myMCTSV2
2.02503280142426E+019,myHeuristic,myMCTSV2,0,9,myMCTSV2
2.02503280144417E+019,myHeuristic,myMCTSV2,0,3,myMCTSV2
2.02503280146379E+019,myHeuristic,myMCTSV2,0,9,myMCTSV2
2.02503280148358E+019,myHeuristic,myMCTSV2,0,6,myMCTSV2
2.02503280149473E+019,myHeuristic,myMCTSV2,6,0,myHeuristic
2.02503280151457E+019,myHeuristic,myMCTSV2,0,6,myMCTSV2
2.0250328015336E+019,myHeuristic,myMCTSV2,0,12,myMCTSV2
2.02503280155323E+019,myHeuristic,myMCTSV2,0,6,myMCTSV2
2.0250328015733E+019,myHeuristic,myMCTSV2,0,3,myMCTSV2
2.02503280159305E+019,myHeuristic,myMCTSV2,0,3,myMCTSV2
2.02503280201214E+019,myHeuristic,myMCTSV2,0,12,myMCTSV2
2.02503280203193E+019,myHeuristic,myMCTSV2_sorting,0,6,myMCTSV2_sorting
2.02503280205172E+019,myHeuristic,myMCTSV2_sorting,0,6,myMCTSV2_sorting
2.02503280207151E+019,myHeuristic,myMCTSV2_sorting,0,6,myMCTSV2_sorting
2.02503280208257E+019,myHeuristic,myMCTSV2_sorting,6,0,myHeuristic
2.02503280210205E+019,myHeuristic,myMCTSV2_sorting,0,6,myMCTSV2_sorting
2.02503280212126E+019,myHeuristic,myMCTSV2_sorting,0,12,myMCTSV2_sorting
2.02503280214045E+019,myHeuristic,myMCTSV2_sorting,0,12,myMCTSV2_sorting
2.02503280215577E+019,myHeuristic,myMCTSV2_sorting,0,12,myMCTSV2_sorting
2.02503280217505E+019,myHeuristic,myMCTSV2_sorting,0,12,myMCTSV2_sorting
2.02503280219444E+019,myHeuristic,myMCTSV2_sorting,0,9,myMCTSV2_sorting
2.02503280221394E+019,myHeuristic,myMCTSV2_sorting,0,9,myMCTSV2_sorting
2.025032802234E+019,myHeuristic,myMCTSV2_sorting,0,3,myMCTSV2_sorting
2.02503280225337E+019,myHeuristic,myMCTSV2_sorting,0,9,myMCTSV2_sorting
2.02503280227293E+019,myHeuristic,myMCTSV2_sorting,0,9,myMCTSV2_sorting
2.0250328022923E+019,myHeuristic,myMCTSV2_sorting,0,9,myMCTSV2_sorting
2.02503280231167E+019,myHeuristic,myMCTSV2_sorting,0,9,myMCTSV2_sorting
2.02503280233177E+019,myHeuristic,myMCTSV2_sorting,0,3,myMCTSV2_sorting
2.02503280235128E+019,myHeuristic,myMCTSV2_sorting,0,9,myMCTSV2_sorting
2.02503280237066E+019,myHeuristic,myMCTSV2_sorting,0,9,myMCTSV2_sorting
2.02503280239043E+019,myHeuristic,myMCTSV2_sorting,0,6,myMCTSV2_sorting
2.02503280240545E+019,myHeuristic,myMCTSV2_sorting,0,15,myMCTSV2_sorting
2.02503280242492E+019,myHeuristic,myMCTSV2_sorting,0,6,myMCTSV2_sorting
2.02503280244511E+019,myHeuristic,myMCTSV2_sorting,0,0,DRAW
2.02503280246493E+019,myHeuristic,myMCTSV2_sorting,0,6,myMCTSV2_sorting
2.02503280248429E+019,myHeuristic,myMCTSV2_sorting,0,12,myMCTSV2_sorting
2.02503280250368E+019,myHeuristic,myMCTSV2_sorting,0,12,myMCTSV2_sorting
2.02503280252326E+019,myHeuristic,myMCTSV2_sorting,0,9,myMCTSV2_sorting
2.02503280254245E+019,myHeuristic,myMCTSV2_sorting,0,12,myMCTSV2_sorting
2.02503280256207E+019,myHeuristic,myMCTSV2_sorting,0,6,myMCTSV2_sorting
2.02503280258185E+019,myHeuristic,myMCTSV2_sorting,0,6,myMCTSV2_sorting
2.02503280300127E+019,myHeuristic,myMCTSV2_sorting,0,9,myMCTSV2_sorting
2.02503280302101E+019,myHeuristic,myMCTSV2_sorting,0,7,myMCTSV2_sorting
2.02503280304049E+019,myHeuristic,myMCTSV2_sorting,0,9,myMCTSV2_sorting
2.02503280305573E+019,myHeuristic,myMCTSV2_sorting,0,12,myMCTSV2_sorting
2.02503280306585E+019,myHeuristic,myMCTSV2_sorting,15,0,myHeuristic
2.02503280308598E+019,myHeuristic,myMCTSV2_sorting,0,3,myMCTSV2_sorting
2.0250328031052E+019,myHeuristic,myMCTSV2_sorting,0,12,myMCTSV2_sorting
2.0250328031247E+019,myHeuristic,myMCTSV2_sorting,0,9,myMCTSV2_sorting
2.02503280314471E+019,myHeuristic,myMCTSV2_sorting,0,3,myMCTSV2_sorting
2.0250328031639E+019,myHeuristic,myMCTSV2_sorting,0,12,myMCTSV2_sorting
2.02503280318343E+019,myHeuristic,myMCTSV2_sorting,0,9,myMCTSV2_sorting
2.02503280320321E+019,myHeuristic,myMCTSV2_sorting,0,6,myMCTSV2_sorting
2.02503280322259E+019,myHeuristic,myMCTSV2_sorting,0,12,myMCTSV2_sorting
2.02503280324194E+019,myHeuristic,myMCTSV2_sorting,0,9,myMCTSV2_sorting
2.02503280326177E+019,myHeuristic,myMCTSV2_sorting,0,6,myMCTSV2_sorting
2.02503280328159E+019,myHeuristic,myMCTSV2_sorting,0,6,myMCTSV2_sorting
2.02503280330117E+019,myHeuristic,myMCTSV2_sorting,0,9,myMCTSV2_sorting
2.02503280331306E+019,myHeuristic,myMCTSV2_sorting,15,0,myHeuristic
2.02503280333194E+019,myHeuristic,myMCTSV2_sorting,0,12,myMCTSV2_sorting
2.02503280335117E+019,myHeuristic,myMCTSV2_sorting,0,12,myMCTSV2_sorting
2.02503280337044E+019,myHeuristic,myMCTSV2_weighted_rollout,0,12,myMCTSV2_weighted_rollout
2.02503280339038E+019,myHeuristic,myMCTSV2_weighted_rollout,0,3,myMCTSV2_weighted_rollout
2.02503280341042E+019,myHeuristic,myMCTSV2_weighted_rollout,0,3,myMCTSV2_weighted_rollout
2.02503280343004E+019,myHeuristic,myMCTSV2_weighted_rollout,0,9,myMCTSV2_weighted_rollout
2.02503280345032E+019,myHeuristic,myMCTSV2_weighted_rollout,0,0,DRAW
2.02503280346542E+019,myHeuristic,myMCTSV2_weighted_rollout,0,12,myMCTSV2_weighted_rollout
2.02503280348562E+019,myHeuristic,myMCTSV2_weighted_rollout,0,0,DRAW
2.02503280350544E+019,myHeuristic,myMCTSV2_weighted_rollout,0,6,myMCTSV2_weighted_rollout
2.02503280352524E+019,myHeuristic,myMCTSV2_weighted_rollout,0,7,myMCTSV2_weighted_rollout
2.02503280354532E+019,myHeuristic,myMCTSV2_weighted_rollout,0,3,myMCTSV2_weighted_rollout
2.02503280356514E+019,myHeuristic,myMCTSV2_weighted_rollout,0,6,myMCTSV2_weighted_rollout
2.0250328035852E+019,myHeuristic,myMCTSV2_weighted_rollout,0,3,myMCTSV2_weighted_rollout
2.0250328040049E+019,myHeuristic,myMCTSV2_weighted_rollout,0,6,myMCTSV2_weighted_rollout
2.02503280402472E+019,myHeuristic,myMCTSV2_weighted_rollout,0,6,myMCTSV2_weighted_rollout
2.02503280404426E+019,myHeuristic,myMCTSV2_weighted_rollout,0,9,myMCTSV2_weighted_rollout
2.02503280406448E+019,myHeuristic,myMCTSV2_weighted_rollout,0,0,DRAW
2.02503280408425E+019,myHeuristic,myMCTSV2_weighted_rollout,0,6,myMCTSV2_weighted_rollout
2.02503280410396E+019,myHeuristic,myMCTSV2_weighted_rollout,0,8,myMCTSV2_weighted_rollout
2.02503280412404E+019,myHeuristic,myMCTSV2_weighted_rollout,0,3,myMCTSV2_weighted_rollout
2.02503280414363E+019,myHeuristic,myMCTSV2_weighted_rollout,0,9,myMCTSV2_weighted_rollout
2.02503280416369E+019,myHeuristic,myMCTSV2_weighted_rollout,0,3,myMCTSV2_weighted_rollout
2.02503280418284E+019,myHeuristic,myMCTSV2_weighted_rollout,0,14,myMCTSV2_weighted_rollout
2.02503280420258E+019,myHeuristic,myMCTSV2_weighted_rollout,0,6,myMCTSV2_weighted_rollout
2.02503280422205E+019,myHeuristic,myMCTSV2_weighted_rollout,0,9,myMCTSV2_weighted_rollout
2.02503280424185E+019,myHeuristic,myMCTSV2_weighted_rollout,0,6,myMCTSV2_weighted_rollout
2.02503280426106E+019,myHeuristic,myMCTSV2_weighted_rollout,0,12,myMCTSV2_weighted_rollout
2.02503280428087E+019,myHeuristic,myMCTSV2_weighted_rollout,0,6,myMCTSV2_weighted_rollout
2.02503280430035E+019,myHeuristic,myMCTSV2_weighted_rollout,0,9,myMCTSV2_weighted_rollout
2.02503280432014E+019,myHeuristic,myMCTSV2_weighted_rollout,0,7,myMCTSV2_weighted_rollout
2.02503280433595E+019,myHeuristic,myMCTSV2_weighted_rollout,0,6,myMCTSV2_weighted_rollout
2.02503280435594E+019,myHeuristic,myMCTSV2_weighted_rollout,0,3,myMCTSV2_weighted_rollout
2.02503280437537E+019,myHeuristic,myMCTSV2_weighted_rollout,0,9,myMCTSV2_weighted_rollout
2.02503280439504E+019,myHeuristic,myMCTSV2_weighted_rollout,0,9,myMCTSV2_weighted_rollout
2.0250328044151E+019,myHeuristic,myMCTSV2_weighted_rollout,0,3,myMCTSV2_weighted_rollout
2.02503280443424E+019,myHeuristic,myMCTSV2_weighted_rollout,0,12,myMCTSV2_weighted_rollout
2.02503280445422E+019,myHeuristic,myMCTSV2_weighted_rollout,0,6,myMCTSV2_weighted_rollout
2.02503280447372E+019,myHeuristic,myMCTSV2_weighted_rollout,0,9,myMCTSV2_weighted_rollout
2.02503280449351E+019,myHeuristic,myMCTSV2_weighted_rollout,0,6,myMCTSV2_weighted_rollout
2.02503280451307E+019,myHeuristic,myMCTSV2_weighted_rollout,0,9,myMCTSV2_weighted_rollout
2.02503280453289E+019,myHeuristic,myMCTSV2_weighted_rollout,0,6,myMCTSV2_weighted_rollout
2.02503280455266E+019,myHeuristic,myMCTSV2_weighted_rollout,0,6,myMCTSV2_weighted_rollout
2.02503280457252E+019,myHeuristic,myMCTSV2_weighted_rollout,0,6,myMCTSV2_weighted_rollout
2.02503280459225E+019,myHeuristic,myMCTSV2_weighted_rollout,0,6,myMCTSV2_weighted_rollout
2.02503280501159E+019,myHeuristic,myMCTSV2_weighted_rollout,0,12,myMCTSV2_weighted_rollout
2.02503280503142E+019,myHeuristic,myMCTSV2_weighted_rollout,0,6,myMCTSV2_weighted_rollout
2.02503280505075E+019,myHeuristic,myMCTSV2_weighted_rollout,0,9,myMCTSV2_weighted_rollout
2.02503280507008E+019,myHeuristic,myMCTSV2_weighted_rollout,0,9,myMCTSV2_weighted_rollout
2.02503280508581E+019,myHeuristic,myMCTSV2_weighted_rollout,0,6,myMCTSV2_weighted_rollout
2.02503280510561E+019,myHeuristic,myMCTSV2_weighted_rollout,0,6,myMCTSV2_weighted_rollout
2.02503280512584E+019,myHeuristic,myMCTSV2_weighted_rollout,0,0,DRAW
2.02503280517225E+019,myMCTSV2_rave,myMCTSV2,0,10,myMCTSV2
2.02503280521234E+019,myMCTSV2_rave,myMCTSV2,0,3,myMCTSV2
2.02503280525138E+019,myMCTSV2_rave,myMCTSV2,0,8,myMCTSV2
2.02503280529083E+019,myMCTSV2_rave,myMCTSV2,0,6,myMCTSV2
2.02503280533001E+019,myMCTSV2_rave,myMCTSV2,0,12,myMCTSV2
2.02503280536513E+019,myMCTSV2_rave,myMCTSV2,0,12,myMCTSV2
2.02503280540414E+019,myMCTSV2_rave,myMCTSV2,0,6,myMCTSV2
2.02503280544432E+019,myMCTSV2_rave,myMCTSV2,0,0,DRAW
2.02503280548368E+019,myMCTSV2_rave,myMCTSV2,0,12,myMCTSV2
2.0250328055235E+019,myMCTSV2_rave,myMCTSV2,0,6,myMCTSV2
2.02503280556244E+019,myMCTSV2_rave,myMCTSV2,0,15,myMCTSV2
2.02503280600121E+019,myMCTSV2_rave,myMCTSV2,0,12,myMCTSV2
2.02503280604061E+019,myMCTSV2_rave,myMCTSV2,0,11,myMCTSV2
2.02503280607567E+019,myMCTSV2_rave,myMCTSV2,0,9,myMCTSV2
2.02503280611531E+019,myMCTSV2_rave,myMCTSV2,0,3,myMCTSV2
2.02503280615483E+019,myMCTSV2_rave,myMCTSV2,1,0,myMCTSV2_rave
2.02503280619465E+019,myMCTSV2_rave,myMCTSV2,0,6,myMCTSV2
2.02503280623424E+019,myMCTSV2_rave,myMCTSV2,0,9,myMCTSV2
2.02503280627323E+019,myMCTSV2_rave,myMCTSV2,0,12,myMCTSV2
2.0250328063125E+019,myMCTSV2_rave,myMCTSV2,0,6,myMCTSV2
2.0250328063522E+019,myMCTSV2_rave,myMCTSV2,0,3,myMCTSV2
2.02503280639082E+019,myMCTSV2_rave,myMCTSV2,0,12,myMCTSV2
2.02503280643063E+019,myMCTSV2_rave,myMCTSV2,0,0,DRAW
2.02503280647053E+019,myMCTSV2_rave,myMCTSV2,0,3,myMCTSV2
2.02503280650569E+019,myMCTSV2_rave,myMCTSV2,0,11,myMCTSV2
2.02503280654494E+019,myMCTSV2_rave,myMCTSV2,0,3,myMCTSV2
2.02503280658376E+019,myMCTSV2_rave,myMCTSV2,0,12,myMCTSV2
2.0250328070228E+019,myMCTSV2_rave,myMCTSV2,0,8,myMCTSV2
2.02503280706194E+019,myMCTSV2_rave,myMCTSV2,0,11,myMCTSV2
2.02503280710123E+019,myMCTSV2_rave,myMCTSV2,0,8,myMCTSV2
2.02503280714005E+019,myMCTSV2_rave,myMCTSV2,0,12,myMCTSV2
2.02503280717526E+019,myMCTSV2_rave,myMCTSV2,0,6,myMCTSV2
2.02503280721506E+019,myMCTSV2_rave,myMCTSV2,0,6,myMCTSV2
2.02503280725516E+019,myMCTSV2_rave,myMCTSV2,0,4,myMCTSV2
2.02503280729352E+019,myMCTSV2_rave,myMCTSV2,0,11,myMCTSV2
2.02503280733246E+019,myMCTSV2_rave,myMCTSV2,0,3,myMCTSV2
2.02503280737163E+019,myMCTSV2_rave,myMCTSV2,0,6,myMCTSV2
2.02503280741192E+019,myMCTSV2_rave,myMCTSV2,0,0,DRAW
2.02503280745157E+019,myMCTSV2_rave,myMCTSV2,0,2,myMCTSV2
2.02503280748529E+019,myMCTSV2_rave,myMCTSV2,0,12,myMCTSV2
2.02503280752531E+019,myMCTSV2_rave,myMCTSV2,3,0,myMCTSV2_rave
2.02503280756455E+019,myMCTSV2_rave,myMCTSV2,0,12,myMCTSV2
2.02503280800339E+019,myMCTSV2_rave,myMCTSV2,0,6,myMCTSV2
2.02503280804295E+019,myMCTSV2_rave,myMCTSV2,0,8,myMCTSV2
2.02503280808186E+019,myMCTSV2_rave,myMCTSV2,0,9,myMCTSV2
2.02503280812112E+019,myMCTSV2_rave,myMCTSV2,0,8,myMCTSV2
2.02503280816027E+019,myMCTSV2_rave,myMCTSV2,0,9,myMCTSV2
2.02503280820031E+019,myMCTSV2_rave,myMCTSV2,0,3,myMCTSV2
2.02503280824061E+019,myMCTSV2_rave,myMCTSV2,0,0,DRAW
2.02503280828004E+019,myMCTSV2_rave,myMCTSV2,0,6,myMCTSV2
2.02503280831565E+019,myMCTSV2_rave,myMCTSV2_sorting,0,6,myMCTSV2_sorting
2.02503280835478E+019,myMCTSV2_rave,myMCTSV2_sorting,0,3,myMCTSV2_sorting
2.0250328083944E+019,myMCTSV2_rave,myMCTSV2_sorting,0,9,myMCTSV2_sorting
2.02503280843458E+019,myMCTSV2_rave,myMCTSV2_sorting,1,0,myMCTSV2_rave
2.02503280847464E+019,myMCTSV2_rave,myMCTSV2_sorting,3,0,myMCTSV2_rave
2.0250328085135E+019,myMCTSV2_rave,myMCTSV2_sorting,0,15,myMCTSV2_sorting
2.0250328085523E+019,myMCTSV2_rave,myMCTSV2_sorting,0,15,myMCTSV2_sorting
2.02503280859137E+019,myMCTSV2_rave,myMCTSV2_sorting,0,6,myMCTSV2_sorting
2.02503280902581E+019,myMCTSV2_rave,myMCTSV2_sorting,0,12,myMCTSV2_sorting
2.0250328090645E+019,myMCTSV2_rave,myMCTSV2_sorting,0,15,myMCTSV2_sorting
2.02503280910289E+019,myMCTSV2_rave,myMCTSV2_sorting,0,0,DRAW
2.0250328091416E+019,myMCTSV2_rave,myMCTSV2_sorting,0,6,myMCTSV2_sorting
2.0250328091758E+019,myMCTSV2_rave,myMCTSV2_sorting,0,6,myMCTSV2_sorting
2.02503280921555E+019,myMCTSV2_rave,myMCTSV2_sorting,0,6,myMCTSV2_sorting
2.0250328092545E+019,myMCTSV2_rave,myMCTSV2_sorting,0,3,myMCTSV2_sorting
2.02503280929238E+019,myMCTSV2_rave,myMCTSV2_sorting,0,2,myMCTSV2_sorting
2.02503280933077E+019,myMCTSV2_rave,myMCTSV2_sorting,0,9,myMCTSV2_sorting
2.02503280937044E+019,myMCTSV2_rave,myMCTSV2_sorting,1,0,myMCTSV2_rave
2.02503280940545E+019,myMCTSV2_rave,myMCTSV2_sorting,0,9,myMCTSV2_sorting
2.02503280944502E+019,myMCTSV2_rave,myMCTSV2_sorting,0,5,myMCTSV2_sorting
2.02503280948404E+019,myMCTSV2_rave,myMCTSV2_sorting,0,11,myMCTSV2_sorting
2.02503280952326E+019,myMCTSV2_rave,myMCTSV2_sorting,0,13,myMCTSV2_sorting
2.02503280956224E+019,myMCTSV2_rave,myMCTSV2_sorting,0,9,myMCTSV2_sorting
2.02503281000161E+019,myMCTSV2_rave,myMCTSV2_sorting,0,9,myMCTSV2_sorting
2.0250328100414E+019,myMCTSV2_rave,myMCTSV2_sorting,0,0,DRAW
2.02503281008055E+019,myMCTSV2_rave,myMCTSV2_sorting,0,8,myMCTSV2_sorting
2.02503281011575E+019,myMCTSV2_rave,myMCTSV2_sorting,0,12,myMCTSV2_sorting
2.02503281015575E+019,myMCTSV2_rave,myMCTSV2_sorting,0,3,myMCTSV2_sorting
2.02503281019486E+019,myMCTSV2_rave,myMCTSV2_sorting,0,12,myMCTSV2_sorting
2.02503281023475E+019,myMCTSV2_rave,myMCTSV2_sorting,0,6,myMCTSV2_sorting
2.02503281027357E+019,myMCTSV2_rave,myMCTSV2_sorting,0,15,myMCTSV2_sorting
2.02503281031251E+019,myMCTSV2_rave,myMCTSV2_sorting,0,0,DRAW
2.02503281538275E+019,myMCTSV2_weighted_rollout,myMCTSV2,3,0,myMCTSV2_weighted_rollout
2.0250328154225E+019,myMCTSV2_weighted_rollout,myMCTSV2,0,3,myMCTSV2
2.02503281546251E+019,myMCTSV2_weighted_rollout,myMCTSV2,0,0,DRAW
2.02503281550213E+019,myMCTSV2_weighted_rollout,myMCTSV2,6,0,myMCTSV2_weighted_rollout
2.02503281554239E+019,myMCTSV2_weighted_rollout,myMCTSV2,2,0,myMCTSV2_weighted_rollout
2.02503281558154E+019,myMCTSV2_weighted_rollout,myMCTSV2,0,2,myMCTSV2
2.02503281602105E+019,myMCTSV2_weighted_rollout,myMCTSV2,0,8,myMCTSV2
2.02503281606123E+019,myMCTSV2_weighted_rollout,myMCTSV2,0,0,DRAW
2.02503281610136E+019,myMCTSV2_weighted_rollout,myMCTSV2,0,3,myMCTSV2
2.0250328161412E+019,myMCTSV2_weighted_rollout,myMCTSV2,5,0,myMCTSV2_weighted_rollout
2.02503281618057E+019,myMCTSV2_weighted_rollout,myMCTSV2,6,0,myMCTSV2_weighted_rollout
2.02503281622059E+019,myMCTSV2_weighted_rollout,myMCTSV2,3,0,myMCTSV2_weighted_rollout
2.02503281625577E+019,myMCTSV2_weighted_rollout,myMCTSV2,0,6,myMCTSV2
2.02503281629597E+019,myMCTSV2_weighted_rollout,myMCTSV2,0,0,DRAW
2.02503281633553E+019,myMCTSV2_weighted_rollout,myMCTSV2,0,3,myMCTSV2
2.02503281637564E+019,myMCTSV2_weighted_rollout,myMCTSV2,0,0,DRAW
2.02503281641579E+019,myMCTSV2_weighted_rollout,myMCTSV2,3,0,myMCTSV2_weighted_rollout
2.0250328164554E+019,myMCTSV2_weighted_rollout,myMCTSV2,2,0,myMCTSV2_weighted_rollout
2.02503281649349E+019,myMCTSV2_weighted_rollout,myMCTSV2,0,0,DRAW
2.02503281653368E+019,myMCTSV2_weighted_rollout,myMCTSV2,0,3,myMCTSV2
2.02503281657266E+019,myMCTSV2_weighted_rollout,myMCTSV2,0,5,myMCTSV2
2.02503281701261E+019,myMCTSV2_weighted_rollout,myMCTSV2,0,3,myMCTSV2
2.02503281705238E+019,myMCTSV2_weighted_rollout,myMCTSV2,0,6,myMCTSV2
2.02503281709147E+019,myMCTSV2_weighted_rollout,myMCTSV2,9,0,myMCTSV2_weighted_rollout
2.02503281713105E+019,myMCTSV2_weighted_rollout,myMCTSV2,0,9,myMCTSV2
2.02503281717056E+019,myMCTSV2_weighted_rollout,myMCTSV2,0,9,myMCTSV2
2.02503281720546E+019,myMCTSV2_weighted_rollout,myMCTSV2_sorting,0,9,myMCTSV2_sorting
2.02503281724476E+019,myMCTSV2_weighted_rollout,myMCTSV2_sorting,3,0,myMCTSV2_weighted_rollout
2.02503281728373E+019,myMCTSV2_weighted_rollout,myMCTSV2_sorting,0,6,myMCTSV2_sorting
2.02503281732268E+019,myMCTSV2_weighted_rollout,myMCTSV2_sorting,0,3,myMCTSV2_sorting
2.02503281736236E+019,myMCTSV2_weighted_rollout,myMCTSV2_sorting,0,3,myMCTSV2_sorting
2.02503281740169E+019,myMCTSV2_weighted_rollout,myMCTSV2_sorting,3,0,myMCTSV2_weighted_rollout
2.02503281744013E+019,myMCTSV2_weighted_rollout,myMCTSV2_sorting,3,0,myMCTSV2_weighted_rollout
2.02503281747546E+019,myMCTSV2_weighted_rollout,myMCTSV2_sorting,0,1,myMCTSV2_sorting
2.02503281751542E+019,myMCTSV2_weighted_rollout,myMCTSV2_sorting,6,0,myMCTSV2_weighted_rollout
2.02503281755548E+019,myMCTSV2_weighted_rollout,myMCTSV2_sorting,1,0,myMCTSV2_weighted_rollout
2.02503281759543E+019,myMCTSV2_weighted_rollout,myMCTSV2_sorting,0,3,myMCTSV2_sorting
2.02503281803545E+019,myMCTSV2_weighted_rollout,myMCTSV2_sorting,0,1,myMCTSV2_sorting
2.02503281807547E+019,myMCTSV2_weighted_rollout,myMCTSV2_sorting,3,0,myMCTSV2_weighted_rollout
2.02503281811455E+019,myMCTSV2_weighted_rollout,myMCTSV2_sorting,3,0,myMCTSV2_weighted_rollout
2.0250328181542E+019,myMCTSV2_weighted_rollout,myMCTSV2_sorting,0,3,myMCTSV2_sorting
2.02503281819389E+019,myMCTSV2_weighted_rollout,myMCTSV2_sorting,0,4,myMCTSV2_sorting
2.02503281823368E+019,myMCTSV2_weighted_rollout,myMCTSV2_sorting,0,3,myMCTSV2_sorting
2.02503281827345E+019,myMCTSV2_weighted_rollout,myMCTSV2_sorting,0,0,DRAW
2.02503281831317E+019,myMCTSV2_weighted_rollout,myMCTSV2_sorting,6,0,myMCTSV2_weighted_rollout
2.025032818352E+019,myMCTSV2_weighted_rollout,myMCTSV2_sorting,0,0,DRAW
2.02503281839177E+019,myMCTSV2_weighted_rollout,myMCTSV2_sorting,0,5,myMCTSV2_sorting
2.02503281843145E+019,myMCTSV2_weighted_rollout,myMCTSV2_sorting,0,3,myMCTSV2_sorting
2.02503281847053E+019,myMCTSV2_weighted_rollout,myMCTSV2_sorting,0,3,myMCTSV2_sorting
2.02503281851025E+019,myMCTSV2_weighted_rollout,myMCTSV2_sorting,0,4,myMCTSV2_sorting
2.02503281854546E+019,myMCTSV2_weighted_rollout,myMCTSV2_sorting,0,6,myMCTSV2_sorting
2.02503281858522E+019,myMCTSV2_weighted_rollout,myMCTSV2_sorting,0,9,myMCTSV2_sorting
2.02503282038485E+019,myMCTSV2_weighted_rollout,myMCTSV2_sorting,TIMEOUT,TIMEOUT,TIMEOUT
2.02503282042368E+019,myMCTSV2_weighted_rollout,myMCTSV2_sorting,1,0,myMCTSV2_weighted_rollout
2.02503282046266E+019,myMCTSV2_weighted_rollout,myMCTSV2_sorting,0,6,myMCTSV2_sorting
2.0250328205026E+019,myMCTSV2_weighted_rollout,myMCTSV2_sorting,0,3,myMCTSV2_sorting
2.02503282054239E+019,myMCTSV2_weighted_rollout,myMCTSV2_sorting,0,9,myMCTSV2_sorting
2.02503282058237E+019,myMCTSV2_weighted_rollout,myMCTSV2_sorting,0,0,DRAW
2.02503282102194E+019,myMCTSV2_weighted_rollout,myMCTSV2_sorting,5,0,myMCTSV2_weighted_rollout
2.02503282106218E+019,myMCTSV2_weighted_rollout,myMCTSV2_sorting,0,3,myMCTSV2_sorting
2.02503282110175E+019,myMCTSV2_weighted_rollout,myMCTSV2_sorting,0,9,myMCTSV2_sorting
2.02503282114104E+019,myMCTSV2_weighted_rollout,myMCTSV2_sorting,0,3,myMCTSV2_sorting
2.0250328211808E+019,myMCTSV2_weighted_rollout,myMCTSV2_sorting,0,6,myMCTSV2_sorting
2.02503282122055E+019,myMCTSV2_weighted_rollout,myMCTSV2_sorting,3,0,myMCTSV2_weighted_rollout
2.0250328212604E+019,myMCTSV2_weighted_rollout,myMCTSV2_sorting,0,4,myMCTSV2_sorting
2.02503282130058E+019,myMCTSV2_weighted_rollout,myMCTSV2_sorting,0,3,myMCTSV2_sorting
2.02503282134064E+019,myMCTSV2_weighted_rollout,myMCTSV2_sorting,0,0,DRAW
2.02503282138075E+019,myMCTSV2_weighted_rollout,myMCTSV2_sorting,3,0,myMCTSV2_weighted_rollout
2.02503282142075E+019,myMCTSV2_weighted_rollout,myMCTSV2_sorting,0,6,myMCTSV2_sorting
2.02503282146108E+019,myMCTSV2_weighted_rollout,myMCTSV2_sorting,0,2,myMCTSV2_sorting
2.02503282150047E+019,myMCTSV2_weighted_rollout,myMCTSV2_sorting,0,12,myMCTSV2_sorting
2.02503282154102E+019,myMCTSV2_weighted_rollout,myMCTSV2_sorting,0,0,DRAW
2.02503282158125E+019,myMCTSV2_weighted_rollout,myMCTSV2_sorting,1,0,myMCTSV2_weighted_rollout
2.02503282202106E+019,myMCTSV2_weighted_rollout,myMCTSV2_sorting,0,0,DRAW
2.02503282206116E+019,myMCTSV2_weighted_rollout,myMCTSV2_sorting,0,6,myMCTSV2_sorting
2.02503282210157E+019,myMCTSV2_weighted_rollout,myMCTSV2_sorting,1,0,myMCTSV2_weighted_rollout
